NetID,Review 1,Review 2,Alternate
aec294,ag759,coa22,nrc48
ael226,mat292,js3629,bg357
ag2222,yl2795,cm759,ebj29
ag759,yc2296,mhg99,jb2248
ais76,reb362,ns739,rbf67
ak2242,fr233,cws225,as2647
al929,htm29,jl2627,ag2222
ar729,jcg284,bs645,jz786
art85,ejh239,ct646,jmg572
as2564,djh326,jhw259,as2564
as2647,ak2242,nk435,az389
az389,bzz4,jxl8,hj283
bdg83,vsp22,ael226,al929
bg357,cg527,jgs272,gj75
bmp53,tw387,sam566,aec294
bs645,jpc327,pj93,eez25
bzz4,mx68,hs786,kjc244
cg527,kef89,bmp53,tak62
cjr269,ais76,ag759,coa22
cl878,vms59,mat292,js3629
cm759,ht372,yl2795,cm759
coa22,cl878,yc2296,mhg99
cph64,jdt98,reb362,ns739
ct646,art85,fr233,cws225
cws225,jkp65,htm29,jl2627
dc862,tj222,jcg284,bs645
djh326,mly32,ejh239,ct646
dnm56,nrc48,djh326,jhw259
ebj29,bg357,ak2242,nk435
eez25,ebj29,bzz4,jxl8
ejh239,jb2248,vsp22,ael226
fr233,rbf67,cg527,jgs272
gj75,as2647,tw387,sam566
hj283,ag2222,jpc327,pj93
hl985,jz786,mx68,hs786
hs786,jmg572,kef89,bmp53
ht372,as2564,ais76,ag759
htm29,az389,vms59,mat292
imp25,hj283,ht372,yl2795
jb2248,al929,cl878,yc2296
jb2375,gj75,jdt98,reb362
jcg284,aec294,art85,fr233
jdt98,eez25,jkp65,htm29
jfp87,kjc244,tj222,jcg284
jgs272,tak62,mly32,ejh239
jhw259,coa22,nrc48,djh326
jkp65,js3629,bg357,ak2242
jl2627,cm759,ebj29,bzz4
jl3248,mhg99,jb2248,vsp22
jmg572,ns739,rbf67,cg527
jpc327,cws225,as2647,tw387
jrn79,jl2627,ag2222,jpc327
js3629,bs645,jz786,mx68
jts324,ct646,jmg572,kef89
jwm337,jhw259,as2564,ais76
jxl8,nk435,az389,vms59
jz675,jxl8,hj283,ht372
jz786,ael226,al929,cl878
kef89,jgs272,gj75,jdt98
kjc244,sam566,aec294,art85
kz284,pj93,eez25,jkp65
mat292,hs786,kjc244,tj222
mdl247,bmp53,tak62,mly32
mf647,ag759,coa22,nrc48
mhg99,mat292,js3629,bg357
mly32,yl2795,cm759,ebj29
ms3236,yc2296,mhg99,jb2248
mx68,reb362,ns739,rbf67
njr48,fr233,cws225,as2647
nk435,htm29,jl2627,ag2222
nrc48,jcg284,bs645,jz786
ns739,ejh239,ct646,jmg572
ns784,djh326,jhw259,as2564
nt285,ak2242,nk435,az389
pj93,bzz4,jxl8,hj283
pr399,vsp22,ael226,al929
rbf67,cg527,jgs272,gj75
reb362,tw387,sam566,aec294
rjt95,jpc327,pj93,eez25
sam566,mx68,hs786,kjc244
sar269,kef89,bmp53,tak62
sb2383,ais76,ag759,coa22
sbz24,vms59,mat292,js3629
sg988,ht372,yl2795,cm759
shl96,cl878,yc2296,mhg99
ssd73,jdt98,reb362,ns739
ssp237,art85,fr233,cws225
sw754,jkp65,htm29,jl2627
sz374,tj222,jcg284,bs645
ta275,mly32,ejh239,ct646
tak62,nrc48,djh326,jhw259
tj222,bg357,ak2242,nk435
tw387,ebj29,bzz4,jxl8
txy3,jb2248,vsp22,ael226
vms59,rbf67,cg527,jgs272
vsp22,as2647,tw387,sam566
wl359,ag2222,jpc327,pj93
wl473,jz786,mx68,hs786
wmt45,jmg572,kef89,bmp53
yc2296,as2564,ais76,ag759
ycs4,az389,vms59,mat292
yl2795,hj283,ht372,yl2795
yl787,al929,cl878,yc2296
yw564,gj75,jdt98,reb362
yws3,aec294,art85,fr233
yy453,eez25,jkp65,htm29
yy667,kjc244,tj222,jcg284
zg242,tak62,mly32,ejh239